{"cameraMode":{"drawMode":2,"name":"Shaded Wireframe","section":"Shading Mode"},"sceneLighting":false,"audioPlay":false,"sceneViewState":{"m_AlwaysRefresh":false,"showFog":true,"showSkybox":true,"showFlares":true,"showImageEffects":true,"showParticleSystems":true,"showVisualEffectGraphs":true,"m_FxEnabled":true},"in2DMode":false,"pivot":{"x":-52.677581787109378,"y":5.284963130950928,"z":0.7649415135383606},"rotation":{"x":0.0056404536589980129,"y":-0.7556770443916321,"z":0.009424432180821896,"w":0.6555476188659668},"size":2.1652472019195558,"orthographic":false}